<?xml version="1.0"?>
<labels><label><id>111-price</id><description>111-CodePrice</description><dimensions><Unit>mm</Unit><Rows>12</Rows><Cols>10</Cols><Sh>162</Sh><Sw>196</Sw><He>12</He><Wi>18</Wi><Tm>3</Tm><Lm>3</Lm><Rh>12.5</Rh><Cw>18.5</Cw></dimensions><data><line><row>7</row><pos>1</pos><max>15</max><font>2</font><dat>code</dat></line><line><row>2</row><pos>1</pos><max>15</max><font>2</font><dat>bcode</dat></line></data></label><label><id>130-price</id><description>130-CodePrice</description><dimensions><Unit>mm</Unit><Rows>8</Rows><Cols>6</Cols><Sh>170</Sh><Sw>205</Sw><He>18</He><Wi>31</Wi><Tm>3</Tm><Lm>2</Lm><Rh>20.5</Rh><Cw>33.5</Cw></dimensions><data><line><row>13</row><pos>2</pos><max>27</max><font>4</font><dat>code</dat></line><line><row>5</row><pos>2</pos><max>27</max><font>4</font><dat>price</dat></line></data></label><label><id>PriceLabel</id><description>Price Label</description><dimensions><Unit>mm</Unit><Rows>10</Rows><Cols>4</Cols><Sh>297</Sh><Sw>210</Sw><He>25.4</He><Wi>45.7</Wi><Tm>5</Tm><Lm>10</Lm><Rh>25.4</Rh><Cw>48</Cw></dimensions><data><line><row>20</row><pos>5</pos><max>20</max><font>3</font><dat>code</dat></line><line><row>12</row><pos>10</pos><max>15</max><font>5</font><dat>price</dat></line><line><row>5</row><pos>2</pos><max>40</max><font>2</font><dat>name1</dat></line></data></label></labels>
